#,Date,Heure (UTC),Taille,Lien
1,16 Mar 2026,18:18,1.36 MB,https://tinyurl.com/29wd4pjd
2,16 Mar 2026,18:22,67.08 MB,https://tinyurl.com/2d3guw4h
3,16 Mar 2026,18:23,1.36 MB,https://tinyurl.com/275cmomn
4,16 Mar 2026,18:27,67.08 MB,https://tinyurl.com/263eg3re
5,16 Mar 2026,18:33,145.18 MB,https://tinyurl.com/29rkhp98
6,16 Mar 2026,18:35,149.74 MB,https://tinyurl.com/2bta59vk
7,16 Mar 2026,18:35,149.74 MB,https://tinyurl.com/24lve93y
8,16 Mar 2026,18:41,145.18 MB,https://tinyurl.com/25456tao
9,16 Mar 2026,19:22,932.89 MB,https://tinyurl.com/27a2vncu
10,16 Mar 2026,19:45,932.89 MB,https://tinyurl.com/268ywthm
11,16 Mar 2026,19:49,1.43 GB,https://tinyurl.com/2crz3jlf
12,16 Mar 2026,19:50,303.54 MB,https://tinyurl.com/26n8gcsm
13,16 Mar 2026,19:53,712.43 KB,https://tinyurl.com/2a3cryeg
14,16 Mar 2026,19:53,712.43 KB,https://tinyurl.com/2ctwzqn7
15,16 Mar 2026,19:54,876.95 KB,https://tinyurl.com/29zaec2z
16,16 Mar 2026,19:55,876.95 KB,https://tinyurl.com/2barggbo
17,16 Mar 2026,19:58,285.95 KB,https://tinyurl.com/2xrq7cvc
18,16 Mar 2026,20:03,78.44 MB,https://tinyurl.com/247879qm
19,16 Mar 2026,20:07,78.44 MB,https://tinyurl.com/2b4szyto
20,16 Mar 2026,20:07,285.95 KB,https://tinyurl.com/2cyxhuxn
21,16 Mar 2026,20:09,35.22 MB,https://tinyurl.com/2yl7ja4l
22,16 Mar 2026,20:13,303.54 MB,https://tinyurl.com/224nbt59
23,16 Mar 2026,20:14,35.22 MB,https://tinyurl.com/29kdvgga
24,16 Mar 2026,20:17,402.95 KB,https://tinyurl.com/25sn79et
25,16 Mar 2026,20:18,152.21 KB,https://tinyurl.com/234vs9jl
26,16 Mar 2026,20:18,402.95 KB,https://tinyurl.com/26el3vmz
27,17 Mar 2026,00:08,8.74 GB,https://tinyurl.com/26g44zob
28,17 Mar 2026,00:08,152.21 KB,https://tinyurl.com/2a2ench5
29,17 Mar 2026,03:11,20.66 GB,https://tinyurl.com/29vew9g4
30,17 Mar 2026,03:11,8.74 GB,https://tinyurl.com/24csheog
31,17 Mar 2026,03:42,1.96 GB,https://tinyurl.com/2c8g4fza
32,17 Mar 2026,03:42,20.66 GB,https://tinyurl.com/2cvs4rlo
33,17 Mar 2026,05:13,9.45 GB,https://tinyurl.com/2ybopt9g
34,17 Mar 2026,05:14,1.96 GB,https://tinyurl.com/2c6nh95b
35,17 Mar 2026,06:08,4.67 GB,https://tinyurl.com/255lyqaf
36,17 Mar 2026,06:09,9.45 GB,https://tinyurl.com/24vm5fjj
37,17 Mar 2026,06:21,480.46 MB,https://tinyurl.com/25xwwapb
38,17 Mar 2026,06:21,4.67 GB,https://tinyurl.com/2a9v4xr2
39,17 Mar 2026,07:48,8.0 GB,https://tinyurl.com/24bwuyy4
40,17 Mar 2026,07:48,67.08 MB,https://tinyurl.com/287aznd4
41,17 Mar 2026,07:48,1.36 MB,https://tinyurl.com/2apbcf55
42,17 Mar 2026,07:48,145.18 MB,https://tinyurl.com/2bt7xkks
43,17 Mar 2026,07:48,149.74 MB,https://tinyurl.com/2cj4t4lq
44,17 Mar 2026,07:48,1.43 GB,https://tinyurl.com/227yj7zt
45,17 Mar 2026,07:48,932.89 MB,https://tinyurl.com/28jvtqke
46,17 Mar 2026,07:48,303.54 MB,https://tinyurl.com/27lm5n4y
47,17 Mar 2026,07:48,712.43 KB,https://tinyurl.com/284vpxwf
48,17 Mar 2026,07:48,876.95 KB,https://tinyurl.com/23rnk3kj
49,17 Mar 2026,07:48,78.44 MB,https://tinyurl.com/28wfrxej
50,17 Mar 2026,07:48,285.95 KB,https://tinyurl.com/28vkha9k
51,17 Mar 2026,07:48,35.22 MB,https://tinyurl.com/2976faqa
52,17 Mar 2026,08:02,110.66 MB,https://tinyurl.com/2a8qgj9r
53,17 Mar 2026,08:50,8.74 GB,https://tinyurl.com/2dknt3xr
54,17 Mar 2026,08:50,1.96 GB,https://tinyurl.com/27845lhl
55,17 Mar 2026,08:50,9.45 GB,https://tinyurl.com/28nbncx6
56,17 Mar 2026,08:50,480.46 MB,https://tinyurl.com/292pwy68
57,17 Mar 2026,08:56,10.61 MB,https://tinyurl.com/24xfel4p
58,17 Mar 2026,10:32,7.04 GB,https://tinyurl.com/2bdolpmv
59,17 Mar 2026,10:43,146.23 MB,https://tinyurl.com/229at92m
60,17 Mar 2026,10:43,67.08 MB,https://tinyurl.com/25euosew
61,17 Mar 2026,10:43,1.36 MB,https://tinyurl.com/2blsxheo
62,17 Mar 2026,10:43,145.18 MB,https://tinyurl.com/2agmuqoj
63,17 Mar 2026,10:44,10.61 MB,https://tinyurl.com/2bpnb643
64,17 Mar 2026,10:44,8.0 GB,https://tinyurl.com/242jncwn
65,17 Mar 2026,12:29,9.95 GB,https://tinyurl.com/29d7462a
66,17 Mar 2026,18:00,37.76 GB,https://tinyurl.com/2cf51a6a
67,17 Mar 2026,18:04,1.13 MB,https://tinyurl.com/2cf83564
68,17 Mar 2026,18:07,3.54 GB,https://tinyurl.com/2cfb1af6
69,17 Mar 2026,18:09,28.05 MB,https://tinyurl.com/2cfcd6b1
70,17 Mar 2026,18:23,251.38 MB,https://tinyurl.com/2cfd0a00
71,17 Mar 2026,18:31,60.77 MB,https://tinyurl.com/2cfd118
72,17 Mar 2026,18:44,170.47 MB,https://tinyurl.com/2cfd1cfb
73,17 Mar 2026,18:47,9.95 GB,https://tinyurl.com/2cfd2027
74,17 Mar 2026,18:47,1.27 MB,https://tinyurl.com/2cfd2032
75,17 Mar 2026,18:51,1022.31 MB,https://tinyurl.com/2cfd2351
76,17 Mar 2026,18:52,15.53 MB,https://tinyurl.com/2cfd244a
77,17 Mar 2026,18:52,19.89 MB,https://tinyurl.com/2cfd244d
78,17 Mar 2026,19:03,99.24 MB,https://tinyurl.com/2cfd2e18
79,17 Mar 2026,19:12,293.27 MB,https://tinyurl.com/2cfd3367
80,17 Mar 2026,19:48,619.3 MB,https://tinyurl.com/2cfd57dd
81,17 Mar 2026,20:04,368.7 MB,https://tinyurl.com/2cfd66b2
82,17 Mar 2026,20:15,12.78 GB,https://tinyurl.com/2cfd700a
83,17 Mar 2026,20:27,214.7 MB,https://tinyurl.com/2cfd7bba
84,17 Mar 2026,20:31,1.16 MB,https://tinyurl.com/2cfd7ec6
85,17 Mar 2026,20:39,85.7 MB,https://tinyurl.com/2cfd8635
86,17 Mar 2026,20:39,85.7 MB,https://tinyurl.com/2cfd8655
87,17 Mar 2026,20:42,1020.46 KB,https://tinyurl.com/2cfd8958
88,17 Mar 2026,20:49,49.08 MB,https://tinyurl.com/2cfd8f56
89,17 Mar 2026,20:52,788.01 KB,https://tinyurl.com/2cfd9237
90,17 Mar 2026,20:55,1.39 MB,https://tinyurl.com/2cfd9537
91,17 Mar 2026,20:59,1.08 MB,https://tinyurl.com/2cfd985e
92,17 Mar 2026,20:59,1.43 GB,https://tinyurl.com/2cfd9915
93,17 Mar 2026,21:14,42.93 MB,https://tinyurl.com/2cfda62b
94,17 Mar 2026,21:21,2.22 GB,https://tinyurl.com/2cfdac76
95,17 Mar 2026,21:28,1.41 MB,https://tinyurl.com/2cfdb35d
96,17 Mar 2026,21:28,3.68 MB,https://tinyurl.com/2cfdb393
97,17 Mar 2026,21:31,271.45 KB,https://tinyurl.com/2cfdb659
98,17 Mar 2026,21:35,3.06 MB,https://tinyurl.com/2cfdb982
99,17 Mar 2026,21:39,2.01 MB,https://tinyurl.com/2cfdbdaf
100,17 Mar 2026,21:39,607.55 MB,https://tinyurl.com/2cfddcba
101,17 Mar 2026,22:13,67.08 MB,https://tinyurl.com/28q88jrj
102,17 Mar 2026,22:13,1.36 MB,https://tinyurl.com/22ofp4ol
103,17 Mar 2026,22:13,145.18 MB,https://tinyurl.com/28k86mpq
104,17 Mar 2026,22:13,149.74 MB,https://tinyurl.com/2xrbkc58
105,17 Mar 2026,22:14,1.43 GB,https://tinyurl.com/27qwn2m3
106,17 Mar 2026,22:14,932.89 MB,https://tinyurl.com/2y529lyc
107,17 Mar 2026,22:14,303.54 MB,https://tinyurl.com/224lf9p7
108,17 Mar 2026,22:14,712.43 KB,https://tinyurl.com/23plwg8a
109,17 Mar 2026,22:14,876.95 KB,https://tinyurl.com/23sxq5lw
110,17 Mar 2026,22:14,78.44 MB,https://tinyurl.com/2abc9zad
111,17 Mar 2026,22:14,285.95 KB,https://tinyurl.com/2465k9kj
112,17 Mar 2026,22:14,35.22 MB,https://tinyurl.com/2bz7vmag
113,17 Mar 2026,22:14,110.66 MB,https://tinyurl.com/284uepjf
114,17 Mar 2026,22:18,806.48 MB,https://tinyurl.com/22h6n8tu
115,17 Mar 2026,22:18,402.95 KB,https://tinyurl.com/25pqjqqk
116,17 Mar 2026,22:18,152.21 KB,https://tinyurl.com/2yuyq9c4
117,17 Mar 2026,22:18,8.74 GB,https://tinyurl.com/2cnkzdgd
118,17 Mar 2026,22:19,20.66 GB,https://tinyurl.com/2953gv3g
119,17 Mar 2026,22:19,1.96 GB,https://tinyurl.com/2xuaazc3
120,17 Mar 2026,22:19,9.45 GB,https://tinyurl.com/2d7uogpw
121,17 Mar 2026,22:20,4.67 GB,https://tinyurl.com/22t5yo8e
122,17 Mar 2026,22:20,480.46 MB,https://tinyurl.com/23jo4hd3
123,17 Mar 2026,22:20,10.61 MB,https://tinyurl.com/29vq5d9m
124,17 Mar 2026,22:20,8.0 GB,https://tinyurl.com/27hdjt5p
125,17 Mar 2026,22:20,9.95 GB,https://tinyurl.com/246tnd35
126,17 Mar 2026,23:01,146.23 MB,https://tinyurl.com/29r94vw3
127,17 Mar 2026,23:01,67.08 MB,https://tinyurl.com/223krk83
128,17 Mar 2026,23:01,1.36 MB,https://tinyurl.com/247uv4jk
129,17 Mar 2026,23:01,145.18 MB,https://tinyurl.com/2572vv7w
130,17 Mar 2026,23:01,149.74 MB,https://tinyurl.com/2coo7cu6
131,17 Mar 2026,23:01,1.43 GB,https://tinyurl.com/2a2f8tns
132,17 Mar 2026,23:01,932.89 MB,https://tinyurl.com/2ynckx7k
133,17 Mar 2026,23:01,303.54 MB,https://tinyurl.com/278x7ea5
134,17 Mar 2026,23:01,876.95 KB,https://tinyurl.com/2bop7led
135,17 Mar 2026,23:01,78.44 MB,https://tinyurl.com/25m4eg6g
136,17 Mar 2026,23:01,285.95 KB,https://tinyurl.com/29ttbroz
137,17 Mar 2026,23:01,35.22 MB,https://tinyurl.com/2ys37cyv
138,17 Mar 2026,23:01,110.66 MB,https://tinyurl.com/2456acex
139,18 Mar 2026,00:57,12.38 GB,https://tinyurl.com/2byzo69e
140,18 Mar 2026,01:32,2.02 GB,https://tinyurl.com/2892vee5
141,18 Mar 2026,03:33,73.97 GB,https://tinyurl.com/2c67e6kz
