#,Date,Heure,Taille,Lien
1,16 Mar 2026,18:18,1.36 MB,https://tinyurl.com/29wd4pjd
2,16 Mar 2026,18:22,67.08 MB,https://tinyurl.com/2d3guw4h
3,16 Mar 2026,18:23,1.36 MB,https://tinyurl.com/275cmomn
4,16 Mar 2026,18:27,67.08 MB,https://tinyurl.com/263eg3re
5,16 Mar 2026,18:33,145.18 MB,https://tinyurl.com/29rkhp98
6,16 Mar 2026,18:35,149.74 MB,https://tinyurl.com/2bta59vk
7,16 Mar 2026,18:35,149.74 MB,https://tinyurl.com/24lve93y
8,16 Mar 2026,18:41,145.18 MB,https://tinyurl.com/25456tao
9,16 Mar 2026,19:22,932.89 MB,https://tinyurl.com/27a2vncu
10,16 Mar 2026,19:45,932.89 MB,https://tinyurl.com/268ywthm
11,16 Mar 2026,19:49,1.43 GB,https://tinyurl.com/2crz3jlf
12,16 Mar 2026,19:50,303.54 MB,https://tinyurl.com/26n8gcsm
13,16 Mar 2026,19:53,712.43 KB,https://tinyurl.com/2a3cryeg
14,16 Mar 2026,19:53,712.43 KB,https://tinyurl.com/2ctwzqn7
15,16 Mar 2026,19:54,876.95 KB,https://tinyurl.com/29zaec2z
16,16 Mar 2026,19:55,876.95 KB,https://tinyurl.com/2barggbo
17,16 Mar 2026,19:58,285.95 KB,https://tinyurl.com/2xrq7cvc
18,16 Mar 2026,20:03,78.44 MB,https://tinyurl.com/247879qm
19,16 Mar 2026,20:07,78.44 MB,https://tinyurl.com/2b4szyto
20,16 Mar 2026,20:07,285.95 KB,https://tinyurl.com/2cyxhuxn
21,16 Mar 2026,20:09,35.22 MB,https://tinyurl.com/2yl7ja4l
22,16 Mar 2026,20:13,303.54 MB,https://tinyurl.com/224nbt59
23,16 Mar 2026,20:14,35.22 MB,https://tinyurl.com/29kdvgga
24,16 Mar 2026,20:17,402.95 KB,https://tinyurl.com/25sn79et
25,16 Mar 2026,20:18,152.21 KB,https://tinyurl.com/234vs9jl
26,16 Mar 2026,20:18,402.95 KB,https://tinyurl.com/26el3vmz
27,17 Mar 2026,00:08,8.74 GB,https://tinyurl.com/26g44zob
28,17 Mar 2026,00:08,152.21 KB,https://tinyurl.com/2a2ench5
29,17 Mar 2026,03:11,20.66 GB,https://tinyurl.com/29vew9g4
30,17 Mar 2026,03:11,8.74 GB,https://tinyurl.com/24csheog
31,17 Mar 2026,03:42,1.96 GB,https://tinyurl.com/2c8g4fza
32,17 Mar 2026,03:42,20.66 GB,https://tinyurl.com/2cvs4rlo
33,17 Mar 2026,05:13,9.45 GB,https://tinyurl.com/2ybopt9g
34,17 Mar 2026,05:14,1.96 GB,https://tinyurl.com/2c6nh95b
35,17 Mar 2026,06:08,4.67 GB,https://tinyurl.com/255lyqaf
36,17 Mar 2026,06:09,9.45 GB,https://tinyurl.com/24vm5fjj
37,17 Mar 2026,06:21,480.46 MB,https://tinyurl.com/25xwwapb
38,17 Mar 2026,06:21,4.67 GB,https://tinyurl.com/2a9v4xr2
39,17 Mar 2026,07:48,8.0 GB,https://tinyurl.com/24bwuyy4
40,17 Mar 2026,07:48,67.08 MB,https://tinyurl.com/287aznd4
41,17 Mar 2026,07:48,1.36 MB,https://tinyurl.com/2apbcf55
42,17 Mar 2026,07:48,145.18 MB,https://tinyurl.com/2bt7xkks
43,17 Mar 2026,07:48,149.74 MB,https://tinyurl.com/2cj4t4lq
44,17 Mar 2026,07:48,1.43 GB,https://tinyurl.com/227yj7zt
45,17 Mar 2026,07:48,932.89 MB,https://tinyurl.com/28jvtqke
46,17 Mar 2026,07:48,303.54 MB,https://tinyurl.com/27lm5n4y
47,17 Mar 2026,07:48,712.43 KB,https://tinyurl.com/284vpxwf
48,17 Mar 2026,07:48,876.95 KB,https://tinyurl.com/23rnk3kj
49,17 Mar 2026,07:48,78.44 MB,https://tinyurl.com/28wfrxej
50,17 Mar 2026,07:48,285.95 KB,https://tinyurl.com/28vkha9k
51,17 Mar 2026,07:48,35.22 MB,https://tinyurl.com/2976faqa
52,17 Mar 2026,08:02,110.66 MB,https://tinyurl.com/2a8qgj9r
53,17 Mar 2026,08:50,8.74 GB,https://tinyurl.com/2dknt3xr
54,17 Mar 2026,08:50,1.96 GB,https://tinyurl.com/27845lhl
55,17 Mar 2026,08:50,9.45 GB,https://tinyurl.com/28nbncx6
56,17 Mar 2026,08:50,480.46 MB,https://tinyurl.com/292pwy68
57,17 Mar 2026,08:56,10.61 MB,https://tinyurl.com/24xfel4p
58,17 Mar 2026,10:32,7.04 GB,https://tinyurl.com/2bdolpmv
59,17 Mar 2026,10:43,146.23 MB,https://tinyurl.com/229at92m
60,17 Mar 2026,10:43,67.08 MB,https://tinyurl.com/25euosew
61,17 Mar 2026,10:43,1.36 MB,https://tinyurl.com/2blsxheo
62,17 Mar 2026,10:43,145.18 MB,https://tinyurl.com/2agmuqoj
63,17 Mar 2026,10:44,10.61 MB,https://tinyurl.com/2bpnb643
64,17 Mar 2026,10:44,8.0 GB,https://tinyurl.com/242jncwn
65,17 Mar 2026,12:29,9.95 GB,https://tinyurl.com/29d7462a
